ind.name,reads,vcfname,loci,box.and.sample.number,unique.identifier,TortoiseNumber,Location,Site,most.recent.capture,oldest.capture,age.according.to.recaps,oldest.estimate.capture,true.age,true.age.days,birthday,lat,long,Site.fixed,dummypop,Site.fixed.simplified,notes
GOPH011,2621222,GOPH011001,16556,1.02_340,Conecuh_4_340,340,Conecuh,4,6/1/19,6/1/19,0,>17,17,6205,6/5/02,31.04029,-86.68408,4,dummy,4,
GOPH012,3779389,GOPH012001,54762,1.03_275,Conecuh_4_275.2,275.2,Conecuh,4,6/4/19,6/30/16,2.926762491,21,21,7665,6/9/98,31.03808,-86.68786,4,dummy,4,
GOPH013,3051866,GOPH013001,39318,1.04_339,Conecuh_4_339,339,Conecuh,4,5/31/19,5/31/19,0,old,20,7300,6/5/99,31.03831,-86.68391,4,dummy,4,
GOPH014,2536909,GOPH014001,26112,1.06_350,Conecuh_2_350,350,Conecuh,2,NA,NA,NA,NA,NA,NA,NA,31.10646,-86.52593,2,dummy,2,
GOPH015,2334710,GOPH015001,21754,1.07_73,Conecuh_4_73,73,Conecuh,4,5/28/19,7/14/92,26.86926762,old,26.86926762,9807,7/21/92,31.0376,-86.68585,4,dummy,4,
GOPH016,4056291,GOPH016001,55137,1.09_354,Conecuh_3_354,354,Conecuh,3,6/17/19,6/17/19,0,old,20,7300,6/22/99,31.03827,-86.64347,3,dummy,3,
GOPH017,2827657,GOPH017001,29282,1.1_16-66,Conecuh_4_66,66,Conecuh,4,5/26/19,7/8/92,26.88021903,old,26.88021903,9811,7/15/92,31.03712,-86.68609,4,dummy,4,
GOPH018,2862015,GOPH018001,34671,1.11_306,Conecuh_4_306.2,306.2,Conecuh,4,6/3/19,6/4/17,1.995893224,8,8,2920,6/5/11,31.03937,-86.68656,4,dummy,4,
GOPH019,3087281,GOPH019001,33896,1.12_344,Conecuh_4_344,344,Conecuh,4,6/4/19,6/4/19,0,2,2,730,6/4/17,31.03988,-86.68679,4,dummy,4,
GOPH020,3244026,GOPH020001,38344,1.13_103?,Conecuh_4_133.1,133.1,Conecuh,4,6/9/19,7/25/93,25.87268994,old,25.87268994,9444,7/31/93,31.03856,-86.68742,4,dummy,4,
GOPH021,3310099,GOPH021001,40178,1.14_342,Conecuh_4_342,342,Conecuh,4,6/2/19,6/2/19,0,6,6,2190,6/3/13,31.04093,-86.68473,4,dummy,4,
GOPH022,3130181,GOPH022001,25994,1.15_352,Conecuh_3_352,352,Conecuh,3,6/15/19,6/15/19,0,18,18,6570,6/19/01,31.04074,-86.64223,3,dummy,3,
GOPH023,3080350,GOPH023001,28859,1.16_108,Conecuh_3_108,108,Conecuh,3,6/15/19,9/9/92,26.76249144,old,26.76249144,9768,9/16/92,31.040579,-86.641526,3,dummy,3,
GOPH024,4838860,GOPH024001,53777,1.17_255,Conecuh_3_255,255,Conecuh,3,6/9/19,7/26/15,3.871321013,19,19,6935,6/13/00,31.04028,-86.64142,3,dummy,3,
GOPH025,5461202,GOPH025001,65017,1.18_254,Conecuh_3_254,254,Conecuh,3,6/15/19,7/15/15,3.917864476,20,20,7300,6/20/99,31.04085,-86.64366,3,dummy,3,
GOPH026,4409689,GOPH026001,52173,1.19_271,Conecuh_4_271,271,Conecuh,4,6/3/19,6/28/16,2.929500342,6,6,2190,6/4/13,31.04065,-86.68613,4,dummy,4,
GOPH027,3712830,GOPH027001,47316,1.2_253,Conecuh_3_253,253,Conecuh,3,6/12/19,7/24/15,3.885010267,9,9,3285,6/14/10,31.03906,-86.64192,3,dummy,3,
GOPH028,3672222,GOPH028001,45046,1.21_84,Conecuh_4_84,84,Conecuh,4,5/29/19,7/6/92,26.89390828,>20,20,7300,6/3/99,31.03904667,-86.68455667,4,dummy,4,
GOPH029,3399553,GOPH029001,42827,1.22_256,Conecuh_3_256,256,Conecuh,3,6/17/19,7/27/15,3.890485969,old,20,7300,6/22/99,31.04021,-86.641597,3,dummy,3,
GOPH030,3649014,GOPH030001,56988,1.23_250,Conecuh_3_250,250,Conecuh,3,6/16/19,7/22/15,3.901437372,9,9,3285,6/18/10,31.0406,-86.64201,3,dummy,3,
GOPH031,3891956,GOPH031001,54015,1.24_346,Conecuh_4_346,346,Conecuh,4,6/9/19,6/9/19,0,7,7,2555,6/10/12,31.03961,-86.68552,4,dummy,4,
GOPH032,5964560,GOPH032001,77851,1.25_351,Conecuh_3_351,351,Conecuh,3,6/15/19,6/15/19,0,old,20,7300,6/20/99,31.03961,-86.642728,3,dummy,3,
GOPH033,4427223,GOPH033001,58518,1.26_353,Conecuh_3_353,353,Conecuh,3,6/16/19,6/16/19,0,9,9,3285,6/18/10,31.0385,-86.64323,3,dummy,3,
GOPH034,4292570,GOPH034001,58769,1.27_305,Conecuh_4_305.2,305.2,Conecuh,4,6/9/19,6/4/17,2.012320329,old,20,7300,6/14/99,31.04016,-86.6852,4,dummy,4,
GOPH035,2768555,GOPH035001,22980,1.28_78,Conecuh_4_78,78,Conecuh,4,6/9/19,7/14/92,26.90212183,old,26.90212183,9819,7/21/92,31.03878,-86.6858,4,dummy,4,
GOPH036,3562494,GOPH036001,39902,1.29_280,Conecuh_4_280,280,Conecuh,4,6/9/19,7/1/16,2.937713895,13,13,4745,6/12/06,31.03932,-86.68659,4,dummy,4,
GOPH037,3438300,GOPH037001,35577,1.3_341,Conecuh_4_341,341,Conecuh,4,6/1/19,6/1/19,0,?,0,0,6/1/19,31.04002,-86.68517,4,dummy,4,
GOPH038,3446107,GOPH038001,31014,1.31_304,Conecuh_4_304.2,304.2,Conecuh,4,6/3/19,6/4/17,1.995893224,19,19,6935,6/7/00,31.03943,-86.68414,4,dummy,4,
GOPH039,3406063,GOPH039001,40478,1.32_349,Conecuh_3_349,349,Conecuh,3,6/12/19,6/12/19,0,2,2,730,6/12/17,31.03781,-86.64275,3,dummy,3,
GOPH040,3409456,GOPH040001,35777,1.33_343,Conecuh_4_343,343,Conecuh,4,6/2/19,6/2/19,0,>18,18,6570,6/6/01,31.03823,-86.68684,4,dummy,4,
GOPH041,2995031,GOPH041001,32070,1.34_348,Conecuh_3_348,348,Conecuh,3,6/11/19,6/11/19,0,2,2,730,6/11/17,31.03849,-86.64346,3,dummy,3,
GOPH042,4934338,GOPH042001,65793,1.35_244,Conecuh_3_244,244,Conecuh,3,6/16/19,7/19/15,3.909650924,old,20,7300,6/21/99,31.0403,-86.6414,3,dummy,3,
GOPH043,2642987,GOPH043001,26495,1.36_338,Conecuh_4_338,338,Conecuh,4,5/28/19,5/28/19,0,6,6,2190,5/29/13,31.03991,-86.6863,4,dummy,4,
GOPH044,2951777,GOPH044001,33617,1.37_345,Conecuh_4_345,345,Conecuh,4,6/4/19,6/4/19,0,10,10,3650,6/6/09,31.03813,-86.68734,4,dummy,4,
GOPH045,2552141,GOPH045001,25127,1.38_131,Conecuh_4_231,231,Conecuh,4,NA,NA,NA,NA,NA,NA,NA,31.03942,-86.68711,4,dummy,4,
GOPH046,3219009,GOPH046001,41416,1.39_3,Conecuh_3_29,29,Conecuh,3,6/10/19,8/7/91,27.84120465,old,27.84120465,10162,8/14/91,31.040923,-86.641576,3,dummy,3,
GOPH047,3185605,GOPH047001,39971,1.4_25,Conecuh_4_25,25,Conecuh,4,5/29/19,7/4/99,19.90143737,old,19.90143737,7264,7/9/99,31.03991,-86.68538,4,dummy,4,lat long copied from 231
GOPH048,3267388,GOPH048001,37231,1.43_97,Conecuh_1_97,97,Conecuh,1,6/18/20,9/5/92,27.78370979,old/very old,20,7300,6/23/00,31.158848,-86.554549,1,dummy,1,
GOPH049,3336852,GOPH049001,41878,1.44_261,Conecuh_6_261,261,Conecuh,6,8/15/18,6/9/16,2.182067077,old,20,7300,8/20/98,31.11914,-86.49432,6,dummy,6,
GOPH050,3239145,GOPH050001,40005,1.45_317,Conecuh_6_317,317,Conecuh,6,7/20/20,8/10/18,1.943874059,7,7,2555,7/22/13,31.11912,-86.49392,6,dummy,6,
GOPH051,3444055,GOPH051001,41644,1.46_315,Conecuh_6_315,315,Conecuh,6,8/12/18,8/12/18,0,2,2,730,8/12/16,31.11904,-86.49431,6,dummy,6,
GOPH052,3272110,GOPH052001,39816,1.47_316,Conecuh_6_316,316,Conecuh,6,8/10/18,8/10/18,0,2,2,730,8/10/16,31.11915,-86.49396,6,dummy,6,
GOPH053,3432700,GOPH053001,38783,1.48_318,Conecuh_6_318,318,Conecuh,6,8/11/18,8/11/18,0,2,2,730,8/11/16,31.11941,-86.49358,6,dummy,6,
GOPH054,3908621,GOPH054001,51966,1.49_334,Conecuh_Hogfoot Road_334,334,Conecuh,Hogfoot Road,8/24/18,8/24/18,0,old,20,7300,8/29/98,31.13228,-86.53691,Hogfoot Road,dummy,Conecuh Unknown,
GOPH055,3173041,GOPH055001,36721,1.5_323,Conecuh_1_323,323,Conecuh,1,8/14/18,8/14/18,0,1,1,365,8/14/17,31.15853,-86.55291,1,dummy,1,
GOPH056,3799053,GOPH056001,44493,1.51_226,Conecuh_1_226,226,Conecuh,1,6/11/20,6/12/13,6.997946612,old,20,7300,6/16/00,31.158794,-86.554932,1,dummy,1,
GOPH057,3889582,GOPH057001,47688,1.52_13,Conecuh_1_13,13,Conecuh,1,6/17/20,7/8/91,28.94455852,old,28.94455852,10565,7/15/91,31.158997,-86.554923,1,dummy,1,
GOPH058,5041639,GOPH058001,67027,1.53_325,Conecuh_Nellie Pond Road_325,325,Conecuh,Nellie Pond Road,8/15/18,8/15/18,0,>21,21,7665,8/20/97,31.15663,-86.5692,Nellie Pond Road,dummy,Conecuh Unknown,
GOPH059,2481305,GOPH059001,21372,1.54_335,Conecuh_1_335,335,Conecuh,1,8/26/18,8/26/18,0,old,20,7300,8/31/98,31.15892,-86.55669,1,dummy,1,
GOPH060,3493325,GOPH060001,40189,1.56_313,Conecuh_1_313,313,Conecuh,1,8/25/18,10/20/17,0.845995893,old,20,7300,8/30/98,31.160084,-86.55528,1,dummy,1,
GOPH061,3116462,GOPH061001,34876,1.57_326,Conecuh_Hogfoot Road_326,326,Conecuh,Hogfoot Road,8/16/18,8/16/18,0,>18,18,6570,8/20/00,31.13982,-86.53551,Hogfoot Road,dummy,Conecuh Unknown,
GOPH062,3632707,GOPH062001,37461,1.59_319,Conecuh_6_319,319,Conecuh,6,8/12/18,8/12/18,0,21,21,7665,8/17/97,31.1193,-86.49406,6,dummy,6,
GOPH063,3446010,GOPH063001,42346,1.6_224,Conecuh_1_224,224,Conecuh,1,8/20/18,5/21/13,5.248459959,old,20,7300,8/25/98,31.158703,-86.553851,1,dummy,1,
GOPH064,3891427,GOPH064001,38220,1.61_294,Conecuh_1_294,294,Conecuh,1,6/14/20,7/28/16,3.879534565,old,20,7300,6/19/00,31.15899506,-86.55590924,1,dummy,1,
GOPH065,2577359,GOPH065001,23016,1.63_16,Conecuh_1_16,16,Conecuh,1,6/5/20,6/25/91,28.94729637,old,28.94729637,10566,7/2/91,31.158554,-86.55437,1,dummy,1,
GOPH066,3409974,GOPH066001,37383,1.64_336,Conecuh_1_336,336,Conecuh,1,8/26/18,8/26/18,0,old,20,7300,8/31/98,31.15883,-86.55913,1,dummy,1,
GOPH067,3695733,GOPH067001,49707,1.65_293,Conecuh_1_293,293,Conecuh,1,6/15/20,7/28/16,3.882272416,8,8,2920,6/17/12,31.15649,-86.55263,1,dummy,1,
GOPH068,3596332,GOPH068001,45824,1.66_328,Conecuh_Open Pond Road_328,328,Conecuh,Open Pond Road,8/20/18,8/20/18,0,20,20,7300,8/25/98,31.09469,-86.54511,Open Pond Road,dummy,Conecuh Unknown,
GOPH069,3797902,GOPH069001,48650,1.67_79,Conecuh_6_79,79,Conecuh,6,7/22/20,7/26/92,27.9890486,very old,20,7300,7/27/00,31.119338,-86.496756,6,dummy,6,
GOPH070,4604855,GOPH070001,59125,1.69_320,Conecuh_6_320,320,Conecuh,6,8/12/18,8/12/18,0,old,20,7300,8/17/98,31.11943,-86.49341,6,dummy,6,
GOPH071,4410478,GOPH071001,61994,1.72_322,Conecuh_6_322,322,Conecuh,6,7/21/20,8/14/18,1.935660507,old,20,7300,7/26/00,31.11914,-86.49432,6,dummy,6,
GOPH072,4529289,GOPH072001,57867,1.74_333,Conecuh_1_333,333,Conecuh,1,8/22/18,8/22/18,0,old,20,7300,8/27/98,31.15835,-86.55889,1,dummy,1,
GOPH073,3246115,GOPH073001,43068,1.75_332,Conecuh_1_332,332,Conecuh,1,6/16/20,8/22/18,1.817932923,very old,20,7300,6/21/00,31.1596,-86.5591,1,dummy,1,
GOPH074,3631961,GOPH074001,46405,1.78_331,Conecuh_1_331,331,Conecuh,1,8/26/18,8/22/18,0.010951403,old,20,7300,8/31/98,31.1584,-86.55889,1,dummy,1,
GOPH075,3845058,GOPH075001,45778,1.79_329,Conecuh_Hogfoot Road_329,329,Conecuh,Hogfoot Road,8/22/18,8/22/18,0,23,23,8395,8/28/95,31.13468,-86.5378,Hogfoot Road,dummy,Conecuh Unknown,
GOPH076,4475284,GOPH076001,62568,1.8_327,Conecuh_6_327,327,Conecuh,6,8/17/18,8/17/18,0,>20,20,7300,8/22/98,31.11938,-86.49338,6,dummy,6,
GOPH077,4473539,GOPH077001,50750,1.81_G1,Geneva_ZACH DEARL_1,1,Geneva,ZACH DEARL,4/2/14,4/2/14,0,16,16,5840,4/6/98,31.11575,-86.16982,Geneva,dummy,Geneva,
GOPH078,3805677,GOPH078001,33872,1.82_G6,Geneva__6,6,Geneva,NA,6/5/14,4/23/14,0.117727584,old,20,7300,6/10/94,31.1198,-86.16415,Geneva,dummy,Geneva,
GOPH079,3475277,GOPH079001,37978,1.83_G11,Geneva_SWATCH PLOT_11,11,Geneva,SWATCH PLOT,4/28/14,4/28/14,0,20,20,7300,5/3/94,31.11738,-86.16847,Geneva,dummy,Geneva,
GOPH080,4868146,GOPH080001,59011,1.84_G17,Geneva__17,17,Geneva,NA,6/7/14,6/7/14,0,old,20,7300,6/12/94,31.12898,-86.18436,Geneva,dummy,Geneva,
GOPH081,3758929,GOPH081001,42259,1.85_G22,Geneva__22,22,Geneva,NA,6/10/14,6/10/14,0,15,15,5475,6/14/99,31.11659,-86.16912,Geneva,dummy,Geneva,
GOPH082,4128228,GOPH082001,48886,1.86_DC10,SolonDixon_PP_10,10,SolonDixon,PP,8/28/14,8/28/14,0,old,20,7300,9/2/94,31.16348,-86.71588,SolonDixon,dummy,SolonDixon,
GOPH083,3248211,GOPH083001,33381,1.87_DC11,SolonDixon__11,11,SolonDixon,NA,8/28/14,8/28/14,0,18,18,6570,9/1/96,31.17065,-86.70798,SolonDixon,dummy,SolonDixon,
GOPH084,3232912,GOPH084001,32641,1.88_DC15,SolonDixon_DR_15,15,SolonDixon,DR,8/30/14,8/30/14,0,8,8,2920,9/1/06,31.15225,-86.68494,SolonDixon,dummy,SolonDixon,
GOPH085,3221400,GOPH085001,29722,1.89_G2,Geneva__2,2,Geneva,NA,4/3/14,4/3/14,0,5,5,1825,4/4/09,31.13964,-86.16126,Geneva,dummy,Geneva,
GOPH086,3111137,GOPH086001,26128,1.9_DC12,SolonDixon_DR_12,12,SolonDixon,DR,8/29/14,8/29/14,0,old,20,7300,9/3/94,31.166,-86.69062,SolonDixon,dummy,SolonDixon,
GOPH087,3382615,GOPH087001,36829,"1.91_DC ""122""",SolonDixon__122,122,SolonDixon,NA,8/28/14,8/28/14,0,old,20,7300,9/2/94,31.15723,-86.7067,SolonDixon,dummy,SolonDixon,
GOPH088,3593776,GOPH088001,38574,1.92_G23,Geneva__23,23,Geneva,NA,6/10/14,6/10/14,0,13,13,4745,6/13/01,31.11649,-86.16898,Geneva,dummy,Geneva,
GOPH089,3706515,GOPH089001,40658,1.93_G18,Geneva__18,18,Geneva,NA,9/1/15,6/7/14,1.234770705,15,15,5475,9/4/00,31.15089,-86.16874,Geneva,dummy,Geneva,
GOPH090,3666030,GOPH090001,44322,1.94_G12,Geneva_Highway 52_12,12,Geneva,Highway 52,4/28/14,4/28/14,0,20,20,7300,5/3/94,31.132,-86.13358,Geneva,dummy,Geneva,
GOPH091,2952735,GOPH091001,24230,1.95_G7?,Geneva__7,7,Geneva,NA,4/24/14,4/24/14,0,old,20,7300,4/29/94,31.15098,-86.16918,Geneva,dummy,Geneva,
GOPH092,3191785,GOPH092001,29518,1.96_DC13,SolonDixon_DR_13,13,SolonDixon,DR,8/29/14,8/29/14,0,old,20,7300,9/3/94,31.16339,-86.68459,SolonDixon,dummy,SolonDixon,
GOPH093,3342242,GOPH093001,30728,1.97_DR09,SolonDixon_DR_9,9,SolonDixon,DR,8/27/14,8/27/14,0,old,20,7300,9/1/94,31.16359,-86.68465,SolonDixon,dummy,SolonDixon,
GOPH094,3133347,GOPH094001,29507,"1.98_DC ""112""",SolonDixon_PP_112,112,SolonDixon,PP,8/26/14,8/26/14,0,old,20,7300,8/31/94,31.1564,-86.70689,SolonDixon,dummy,SolonDixon,
GOPH095,3194231,GOPH095001,33016,1.99_G19,Geneva__19,19,Geneva,NA,6/8/14,6/8/14,0,32,32,11680,6/16/82,31.1198,-86.16478,Geneva,dummy,Geneva,
GOPH096,4131642,GOPH096001,37698,1.1_G13,Geneva__13,13,Geneva,NA,6/6/14,6/6/14,0,8,8,2920,6/8/06,31.12891,-86.18444,Geneva,dummy,Geneva,
GOPH097,3169178,GOPH097001,31460,2.01_G8?,Geneva_FOOD PLOT_8,8,Geneva,FOOD PLOT,4/24/14,4/24/14,0,20,20,7300,4/29/94,31.16162,-86.1889,Geneva,dummy,Geneva,
GOPH098,3143515,GOPH098001,32241,2.02_G3,Geneva_TRANSFORMER_3,3,Geneva,TRANSFORMER,4/12/14,4/12/14,0,17,17,6205,4/16/97,31.15042,-86.1692,Geneva,dummy,Geneva,
GOPH099,3241843,GOPH099001,30686,2.03_DC08,SolonDixon__8,8,SolonDixon,NA,8/25/14,8/25/14,0,9,9,3285,8/27/05,31.17154,-86.6914,SolonDixon,dummy,SolonDixon,
GOPH100,3444579,GOPH100001,38244,2.04_DC232,SolonDixon_DR_232,232,SolonDixon,DR,8/27/14,8/27/14,0,old,20,7300,9/1/94,31.14845,-86.69233,SolonDixon,dummy,SolonDixon,
GOPH101,4318896,GOPH101001,47819,2.05_DC252,SolonDixon__252,252,SolonDixon,NA,8/30/14,8/30/14,0,old,20,7300,9/4/94,31.16717,-86.70266,SolonDixon,dummy,SolonDixon,
GOPH102,3900002,GOPH102001,42826,2.06_G20,Geneva__20,20,Geneva,NA,6/8/14,6/8/14,0,26,26,9490,6/14/88,31.15076,-86.16916,Geneva,dummy,Geneva,
GOPH103,3725018,GOPH103001,45722,2.07_G14,Geneva__14,14,Geneva,NA,6/6/14,6/6/14,0,9,9,3285,6/8/05,31.16158,-86.1885,Geneva,dummy,Geneva,
GOPH104,4050283,GOPH104001,49010,2.08_G09,Geneva_SNATCH PLOT_9,9,Geneva,SNATCH PLOT,4/27/14,4/27/14,0,old,20,7300,5/2/94,31.11659,-86.16912,Geneva,dummy,Geneva,
GOPH105,3600001,GOPH105001,42145,2.09_G04,Geneva__4,4,Geneva,NA,4/13/14,4/13/14,0,old,20,7300,4/18/94,31.16173,-86.18914,Geneva,dummy,Geneva,
GOPH106,3501655,GOPH106001,42852,2.1_G05,Geneva__5,5,Geneva,NA,4/22/14,4/22/14,0,7,7,2555,4/24/07,31.15172,-86.16933,Geneva,dummy,Geneva,
GOPH107,3851251,GOPH107001,50247,2.11_G10,Geneva_OVER THE HILL WATER_10,10,Geneva,OVER THE HILL WATER,4/27/14,4/27/14,0,old,20,7300,5/2/94,31.13971,-86.16084,Geneva,dummy,Geneva,
GOPH108,3943145,GOPH108001,51247,2.12_G16,Geneva__16,16,Geneva,NA,6/7/14,6/7/14,0,old,20,7300,6/12/94,31.11659,-86.16912,Geneva,dummy,Geneva,
GOPH109,3501441,GOPH109001,43566,2.13_DC102,SolonDixon_DR_102,102,SolonDixon,DR,8/26/14,8/26/14,0,old,20,7300,8/31/94,31.16368,-86.68512,SolonDixon,dummy,SolonDixon,
GOPH110,3382977,GOPH110001,39157,2.14_G21,Geneva__21,21,Geneva,NA,6/10/14,6/10/14,0,old,20,7300,6/15/94,31.15975,-86.16058,Geneva,dummy,Geneva,
GOPH111,3518232,GOPH111001,44549,2.15_DC14,SolonDixon_PP_14,14,SolonDixon,PP,8/30/14,8/30/14,0,old,20,7300,9/4/94,31.16326,-86.7159,SolonDixon,dummy,SolonDixon,
GOPH112,3793057,GOPH112001,46654,2.16_DC32,SolonDixon_PP_32,32,SolonDixon,PP,8/26/14,8/26/14,0,old,20,7300,8/31/94,31.16352,-86.71618,SolonDixon,dummy,SolonDixon,
GOPH113,4023805,GOPH113001,56470,2.17_72,Conecuh_4_72,72,Conecuh,4,6/2/17,7/11/92,24.89253936,old,24.89253936,9086,7/17/92,31.03721,-86.68657,4,dummy,4,
GOPH114,3609640,GOPH114001,49439,2.18_307,Conecuh_4_307.2,307.2,Conecuh,4,6/4/17,6/4/17,0,old,20,7300,6/9/97,31.03802,-86.68684,4,dummy,4,
GOPH115,4387896,GOPH115001,60227,2.21_272,Conecuh_4_272,272,Conecuh,4,6/1/17,6/29/16,0.922655715,5,5,1825,6/2/12,31.03955,-86.68415,4,dummy,4,
GOPH116,4960784,GOPH116001,64394,2.22_273,Conecuh_4_273.2,273.2,Conecuh,4,6/2/17,6/2/17,0,2,2,730,6/3/15,31.03947,-86.68472,4,dummy,4,
GOPH117,4426146,GOPH117001,57607,2.23_64,Conecuh_4_84,84,Conecuh,4,5/29/19,7/6/92,26.89390828,>20,20,7300,6/3/99,31.03904667,-86.68455667,4,dummy,4,
GOPH118,3870232,GOPH118001,51663,2.24_299,Conecuh_4_299,299,Conecuh,4,5/30/17,5/30/17,0,5,5,1825,5/31/12,31.03961,-86.68424,4,dummy,4,
GOPH119,4270782,GOPH119001,57449,2.26_274,Conecuh_4_274.2,274.2,Conecuh,4,5/26/17,6/29/16,0.906228611,5,5,1825,5/27/12,31.04053316,-86.68561795,4,dummy,4,
GOPH120,4746298,GOPH120001,54469,2.27_303,Conecuh_4_303.2,303.2,Conecuh,4,6/2/17,6/2/17,0,4,4,1460,6/3/13,31.04033,-86.68427,4,dummy,4,
GOPH121,5026898,GOPH121001,43829,2.28_297,Conecuh_4_297,297,Conecuh,4,5/26/17,5/26/17,0,2,2,730,5/27/15,31.04046,-86.68554,4,dummy,4,
GOPH122,3535098,GOPH122001,41860,2.29_301,Conecuh_4_301.2,301.2,Conecuh,4,5/31/17,5/31/17,0,1,1,365,5/31/16,31.04021,-86.68641,4,dummy,4,
GOPH123,4246874,GOPH123001,58305,2.3_279,Conecuh_4_279.2,279.2,Conecuh,4,5/28/17,6/30/16,0.908966461,old,20,7300,6/2/97,31.03826,-86.68391,4,dummy,4,
GOPH124,4616428,GOPH124001,63574,2.32_300,Conecuh_4_300,300,Conecuh,4,5/30/17,5/30/17,0,3,3,1095,5/31/14,31.04008,-86.6869,4,dummy,4,
GOPH125,4608263,GOPH125001,64586,2.34_298,Conecuh_4_298,298,Conecuh,4,5/27/17,5/27/17,0,1,1,365,5/27/16,31.04039,-86.68531,4,dummy,4,
GOPH126,4204916,GOPH126001,61583,2.36_6?*,Conecuh_4_6,6,Conecuh,4,6/4/17,9/10/02,14.73237509,old,14.73237509,5377,9/14/02,31.03737,-86.68542,4,dummy,4,
GOPH127,3442269,GOPH127001,45730,2.37_66,Conecuh_4_66,66,Conecuh,4,5/26/19,7/8/92,26.88021903,old,26.88021903,9811,7/15/92,31.03712,-86.68609,4,dummy,4,
GOPH128,4338316,GOPH128001,57812,2.38_296,Conecuh_4_296,296,Conecuh,4,5/26/17,5/26/17,0,3,3,1095,5/27/14,31.03818,-86.68384,4,dummy,4,
GOPH129,4770640,GOPH129001,64939,2.39_276,Conecuh_4_276.2,276.2,Conecuh,4,6/4/17,6/30/16,0.928131417,7,7,2555,6/6/10,31.04082,-86.68533,4,dummy,4,
GOPH130,4745420,GOPH130001,66134,2.4_204,Conecuh_4_204,204,Conecuh,4,6/4/17,6/4/17,0,old,20,7300,6/9/97,31.03754,-86.68719,4,dummy,4,
GOPH131,5459863,GOPH131001,70287,2.41_302,Conecuh_4_302.2,302.2,Conecuh,4,5/31/17,5/31/17,0,1,1,365,5/31/16,31.03765,-86.68718,4,dummy,4,
GOPH132,5655809,GOPH132001,77184,2.42_310,Conecuh_3_310,310,Conecuh,3,8/8/17,8/8/17,0,6,6,2190,8/10/11,31.03814,-86.64326,3,dummy,3,
GOPH133,4912932,GOPH133001,69068,2.43_247,Conecuh_3_247,247,Conecuh,3,6/16/19,7/21/15,3.904175222,-,3.904175222,1425,7/22/15,31.04029,-86.64276,3,dummy,3,
GOPH134,5019138,GOPH134001,69001,2.44_308,Conecuh_3_308,308,Conecuh,3,8/7/17,8/7/17,0,8,8,2920,8/9/09,31.03989,-86.64163,3,dummy,3,
GOPH135,4625153,GOPH135001,65135,2.45_240,Conecuh_3_240,240,Conecuh,3,8/7/17,7/16/15,2.061601643,8,8,2920,8/9/09,31.03946,-86.64307,3,dummy,3,
GOPH136,3948005,GOPH136001,53557,2.47_309,Conecuh_3_309,309,Conecuh,3,8/11/17,8/7/17,0.010951403,NA,0.010951403,4,8/7/17,31.03999,-86.6427,3,dummy,3,
GOPH137,5437550,GOPH137001,71672,2.49_251,Conecuh_3_251,251,Conecuh,3,8/12/17,7/24/15,2.05338809,>22,22,8030,8/18/95,31.03827,-86.64343,3,dummy,3,
GOPH138,4802325,GOPH138001,70158,2.5_241,Conecuh_3_241,241,Conecuh,3,8/7/17,7/17/15,2.058863792,7,7,2555,8/9/10,31.039791,-86.642094,3,dummy,3,
GOPH139,3290277,GOPH139001,45733,2.52_311,Conecuh_3_311,311,Conecuh,3,8/9/17,8/9/17,0,12,12,4380,8/12/05,31.04037,-86.64172,3,dummy,3,
GOPH140,4138230,GOPH140001,60081,2.53_245,Conecuh_3_245,245,Conecuh,3,8/10/17,7/19/15,2.061601643,old,20,7300,8/15/97,31.04086,-86.64276,3,dummy,3,
GOPH141,3289544,GOPH141001,47444,2.54_248,Conecuh_3_248,248,Conecuh,3,8/8/17,7/22/15,2.047912389,7,7,2555,8/10/10,31.03928,-86.64252,3,dummy,3,
GOPH142,4114533,GOPH142001,59812,2.55_P13,Perdido__13,13,Perdido,NA,5/1/15,5/1/15,0,0,unkown,NA,5/1/15,30.69209,-87.46848,Perdido,dummy,Perdido,
GOPH143,3706247,GOPH143001,49618,2.56_P01,Perdido__1,1,Perdido,NA,4/20/15,4/20/15,0,14,14,5110,4/23/01,30.67006,-87.47403,Perdido,dummy,Perdido,
GOPH144,2915412,GOPH144001,32631,2.57_P08,Perdido__8,8,Perdido,NA,4/24/15,4/24/15,0,>21/OLD,21,7665,4/29/94,30.63787,-87.42437,Perdido,dummy,Perdido,
GOPH145,4204690,GOPH145001,59422,2.58_P02,Perdido__2,2,Perdido,NA,4/21/15,4/21/15,0,9,9,3285,4/23/06,30.63458,-87.4239,Perdido,dummy,Perdido,
GOPH146,3341997,GOPH146001,43756,2.59_P07,Perdido__7,7,Perdido,NA,4/23/15,4/23/15,0,old,20,7300,4/28/95,30.68204,-87.44682,Perdido,dummy,Perdido,
GOPH147,3399352,GOPH147001,40635,2.6_P05,Perdido__5,5,Perdido,NA,4/23/15,4/23/15,0,4,4,1460,4/24/11,30.6424,-87.43752,Perdido,dummy,Perdido,
GOPH148,3701506,GOPH148001,52473,2.61_P09,Perdido__9,9,Perdido,NA,4/24/15,4/24/15,0,16,16,5840,4/28/99,30.63717,-87.42546,Perdido,dummy,Perdido,
GOPH149,3939540,GOPH149001,55639,2.62_P10,Perdido__10,10,Perdido,NA,4/25/15,4/25/15,0,>35,35,12775,5/3/80,30.64258,-87.43784,Perdido,dummy,Perdido,
GOPH150,2986769,GOPH150001,32621,2.63_P03,Perdido__3,3,Perdido,NA,4/22/15,4/22/15,0,20,20,7300,4/27/95,30.64196,-87.43777,Perdido,dummy,Perdido,
GOPH151,2688210,GOPH151001,29820,2.64_P12,Perdido__12,12,Perdido,NA,4/26/15,4/26/15,0,2,2,730,4/26/13,30.64223,-87.43802,Perdido,dummy,Perdido,
GOPH152,3444493,GOPH152001,40139,2.65_P06,Perdido__6,6,Perdido,NA,4/23/15,4/23/15,0,>23,23,8395,4/28/92,30.63583,-87.43668,Perdido,dummy,Perdido,
GOPH153,3359495,GOPH153001,42496,2.66_P04,Perdido__4,4,Perdido,NA,4/23/15,4/23/15,0,6,6,2190,4/24/09,30.64196,-87.43777,Perdido,dummy,Perdido,
GOPH154,3618949,GOPH154001,48698,2.67_P11,Perdido__11,11,Perdido,NA,NA,NA,NA,NA,NA,NA,NA,30.64219,-87.43793,Perdido,dummy,Perdido,
GOPH155,3018929,GOPH155001,34066,2.68_R18,Rayonier__18,18,Rayonier,NA,9/5/15,9/5/15,0,25,25,9125,9/11/90,31.12539,-86.21203,Rayonier,dummy,Rayonier,
GOPH156,4227452,GOPH156001,54769,2.69_R12,Rayonier__12,12,Rayonier,NA,9/2/15,9/2/15,0,2,2,730,9/2/13,31.12699,-86.26037,Rayonier,dummy,Rayonier,
GOPH157,3769348,GOPH157001,53749,2.7_R20,Rayonier__20,20,Rayonier,NA,9/5/15,9/5/15,0,old,20,7300,9/10/95,31.17936,-86.20637,Rayonier,dummy,Rayonier,
GOPH158,4110672,GOPH158001,57016,2.71_R31,Rayonier__31,31,Rayonier,NA,9/10/15,9/10/15,0,NA,0,0,9/10/15,31.09733,-86.2534,Rayonier,dummy,Rayonier,
GOPH159,3551433,GOPH159001,49065,2.72_R15,Rayonier__15,15,Rayonier,NA,9/4/15,9/4/15,0,15,15,5475,9/7/00,31.13876,-86.21756,Rayonier,dummy,Rayonier,
GOPH160,4066505,GOPH160001,46686,2.73_R16,Rayonier__16,16,Rayonier,NA,9/4/15,9/4/15,0,>26,26,9490,9/10/89,31.138646,-86.217699,Rayonier,dummy,Rayonier,
GOPH161,3855099,GOPH161001,52702,2.74_R29,Rayonier__29,29,Rayonier,NA,9/9/15,9/9/15,0,18,18,6570,9/13/97,31.12647,-86.20962,Rayonier,dummy,Rayonier,
GOPH162,3525571,GOPH162001,43228,2.75_R28,Rayonier__28,28,Rayonier,NA,9/9/15,9/9/15,0,5,5,1825,9/10/10,31.10446,-86.23769,Rayonier,dummy,Rayonier,
GOPH163,3084073,GOPH163001,37627,2.76_R17,Rayonier__17,17,Rayonier,NA,9/4/15,9/4/15,0,12,12,4380,9/7/03,31.14094,-86.24317,Rayonier,dummy,Rayonier,
GOPH164,3637776,GOPH164001,52299,2.77_R24,Rayonier__24,24,Rayonier,NA,9/7/15,9/7/15,0,>24,24,8760,9/13/91,31.13355,-86.20746,Rayonier,dummy,Rayonier,
GOPH165,3769788,GOPH165001,49829,2.78_R23,Rayonier__23,23,Rayonier,NA,9/6/15,9/6/15,0,old,20,7300,9/11/95,31.14008,-86.21398,Rayonier,dummy,Rayonier,
GOPH166,3602773,GOPH166001,46764,2.79_R13,Rayonier__13,13,Rayonier,NA,9/3/15,9/3/15,0,24,24,8760,9/9/91,31.14927,-86.2089,Rayonier,dummy,Rayonier,
GOPH167,3634279,GOPH167001,47741,2.8_R22,Rayonier__22,22,Rayonier,NA,9/5/15,9/5/15,0,old,20,7300,9/10/95,31.13584,-86.24411,Rayonier,dummy,Rayonier,
GOPH168,3466929,GOPH168001,37833,2.81_R14,Rayonier__14,14,Rayonier,NA,9/4/15,9/4/15,0,old,20,7300,9/9/95,31.13362,-86.2073,Rayonier,dummy,Rayonier,
GOPH169,3644815,GOPH169001,49516,2.82_R21,Rayonier__21,21,Rayonier,NA,9/5/15,9/5/15,0,7,7,2555,9/6/08,31.14856,-86.20831,Rayonier,dummy,Rayonier,
GOPH170,3371531,GOPH170001,44497,2.83_R30,Rayonier__30,30,Rayonier,NA,9/10/15,9/10/15,0,old,20,7300,9/15/95,31.10557,-86.2321,Rayonier,dummy,Rayonier,
GOPH171,3961673,GOPH171001,54645,2.84_R26,Rayonier__26,26,Rayonier,NA,9/9/15,9/9/15,0,4,4,1460,9/10/11,31.12689,-86.21068,Rayonier,dummy,Rayonier,
GOPH172,4670393,GOPH172001,68706,2.85_R19,Rayonier__19,19,Rayonier,NA,9/5/15,9/5/15,0,2,2,730,9/5/13,31.13361,-86.20736,Rayonier,dummy,Rayonier,
GOPH173,4217090,GOPH173001,61318,2.86_R32,Rayonier__32,32,Rayonier,NA,9/10/15,9/10/15,0,old,20,7300,9/15/95,31.12632,-86.21046,Rayonier,dummy,Rayonier,
GOPH174,3436218,GOPH174001,42651,2.87_R05,Rayonier__5,5,Rayonier,NA,9/9/15,5/10/15,0.334017796,old,20,7300,9/14/95,31.14827,-86.20924,Rayonier,dummy,Rayonier,
GOPH175,3878966,GOPH175001,53977,2.88_R25,Rayonier__25,25,Rayonier,NA,9/7/15,9/7/15,0,17,17,6205,9/11/98,31.12536,-86.21971,Rayonier,dummy,Rayonier,
GOPH176,4136502,GOPH176001,56012,2.89_R27,Rayonier__27,27,Rayonier,NA,9/9/15,9/9/15,0,7,7,2555,9/10/08,31.10556,-86.23117,Rayonier,dummy,Rayonier,
GOPH177,4322654,GOPH177001,61930,2.9_DC16,SolonDixon_CLAYPIT_16,16,SolonDixon,CLAYPIT,7/11/15,7/11/15,0,old,20,7300,7/16/95,31.14354,-86.65244,SolonDixon,dummy,SolonDixon,Copied lat/long from a clay pit on google maps
GOPH178,3875691,GOPH178001,55034,2.91_DC17,SolonDixon_CLAYPIT_17,17,SolonDixon,CLAYPIT,7/11/15,7/11/15,0,22,22,8030,7/16/93,31.14527,-86.65221,SolonDixon,dummy,SolonDixon,Copied lat/long from a clay pit on google maps
GOPH179,4245712,GOPH179001,59629,2.92_DC18 *,SolonDixon_CLAYPIT_18,18,SolonDixon,CLAYPIT,7/11/15,7/11/15,0,>22,22,8030,7/16/93,31.14527,-86.65221,SolonDixon,dummy,SolonDixon,Copied lat/long from a clay pit on google maps
GOPH180,5324001,GOPH180001,74438,2.93_DC322,SolonDixon__322,322,SolonDixon,NA,7/12/15,7/12/15,0,>24,24,8760,7/18/91,31.15723,-86.7067,SolonDixon,dummy,SolonDixon,
GOPH181,4750020,GOPH181001,63418,2.94_DC20,SolonDixon__,NA,SolonDixon,NA,NA,NA,NA,NA,NA,NA,NA,,,SolonDixon,dummy,SolonDixon,Only info that I have about this tort is from the blood samples. It's from Solon Dixon and was once known as DC20
GOPH182,4694209,GOPH182001,63928,"2.95_DC ""2""",SolonDixon__2,2,SolonDixon,NA,7/12/15,7/12/15,0,23,23,8395,7/17/92,31.16658,-86.70216,SolonDixon,dummy,SolonDixon,
GOPH183,4072112,GOPH183001,55776,2.96_DC21,SolonDixon__21,21,SolonDixon,NA,7/12/15,7/12/15,0,>30,30,10950,7/19/85,31.14354,-86.65244,SolonDixon,dummy,SolonDixon,
GOPH184,3913295,GOPH184001,53269,2.98_263,Conecuh_2_263,263,Conecuh,2,6/10/16,6/10/16,0,16,16,5840,6/14/00,31.10292,-86.52423,2,dummy,2,
GOPH185,4412220,GOPH185001,61963,2.99_277,Conecuh_4_277,277,Conecuh,4,6/30/16,6/30/16,0,2,2,730,7/1/14,31.03968,-86.68725,4,dummy,4,
GOPH186,4410811,GOPH186001,62803,2.1_255,Conecuh_4_255,255,Conecuh,4,7/7/16,6/30/99,17.02121834,old,17.02121834,6213,7/4/99,31.03943,-86.68414,4,dummy,4,
GOPH187,3597339,GOPH187001,49929,3.01_40,Conecuh_3_40,40,Conecuh,3,7/22/15,7/9/97,18.03422313,old,18.03422313,6582,7/14/97,31.038207,-86.642808,3,dummy,3,
GOPH188,4480297,GOPH188001,65773,3.02_287,Conecuh_4_287,287,Conecuh,4,7/8/16,7/8/16,0,19,19,6935,7/13/97,31.03807,-86.68393,4,dummy,4,
GOPH189,3726164,GOPH189001,52602,3.03_289,Conecuh_4_289,289,Conecuh,4,7/12/16,7/12/16,0,5,5,1825,7/14/11,31.03919,-86.68473,4,dummy,4,
GOPH190,3791433,GOPH190001,52863,3.04_243,Conecuh_3_243,243,Conecuh,3,7/18/15,7/18/15,0,5,5,1825,7/19/10,31.0394,-86.64227,3,dummy,3,
GOPH191,3298063,GOPH191001,43889,3.05_259,Conecuh_2_259,259,Conecuh,2,6/9/16,6/9/16,0,<1,1,365,6/10/15,31.10346,-86.52408,2,dummy,2,
GOPH192,3349653,GOPH192001,42651,3.06_265,Conecuh_2_265,265,Conecuh,2,6/12/16,6/12/16,0,7,7,2555,6/14/09,31.10306,-86.52555,2,dummy,2,
GOPH193,3638903,GOPH193001,46751,3.07_258,Conecuh_2_258,258,Conecuh,2,6/9/16,6/9/16,0,20,20,7300,6/14/96,31.10464,-86.52499,2,dummy,2,
GOPH194,3900553,GOPH194001,50967,3.08_261,Conecuh_1_267,267,Conecuh,1,6/14/16,6/14/16,0,5,5,1825,6/16/11,31.15964,-86.55422,1,dummy,1,
GOPH195,6368527,GOPH195001,80912,3.09_260,Conecuh_6_260,260,Conecuh,6,6/9/16,6/9/16,0,>24,24,8760,6/15/92,31.11956,-86.49301,6,dummy,6,
GOPH196,4683645,GOPH196001,70206,3.1_266,Conecuh_2_266,266,Conecuh,2,6/12/16,6/12/16,0,23,23,8395,6/18/93,31.10437,-86.5253,2,dummy,2,
GOPH197,4623518,GOPH197001,67018,3.11_290,Conecuh_4_290,290,Conecuh,4,7/12/16,7/12/16,0,4,4,1460,7/13/12,31.03987,-86.68465,4,dummy,4,
GOPH198,4557342,GOPH198001,65086,3.12_286,Conecuh_4_286,286,Conecuh,4,7/7/16,7/7/16,0,2,2,730,7/8/14,31.03786,-86.68771,4,dummy,4,
GOPH199,4368489,GOPH199001,61403,3.13_55,Conecuh_4_55,55,Conecuh,4,7/12/16,6/29/92,24.03559206,old,24.03559206,8773,7/5/92,31.04053316,-86.68561795,4,dummy,4,
GOPH200,5072929,GOPH200001,68962,3.14_283,Conecuh_4_283,283,Conecuh,4,7/7/16,7/7/16,0,<1,1,365,7/8/15,31.0387,-86.6851,4,dummy,4,
GOPH201,5232861,GOPH201001,72770,"3.15_""44""*",Conecuh_6_4,4,Conecuh,6,6/11/16,8/28/97,18.7871321,old,18.7871321,6857,9/2/97,31.11876,-86.494397,6,dummy,6,
GOPH202,4538323,GOPH202001,60537,3.16_262,Conecuh_2_262,262,Conecuh,2,6/10/16,6/10/16,0,18/19,18,6570,6/15/98,31.10319,-86.52493,2,dummy,2,
GOPH203,2681286,GOPH203001,26626,3.17_282,Conecuh_4_282,282,Conecuh,4,7/6/16,7/6/16,0,2,2,730,7/7/14,31.04029,-86.68408,4,dummy,4,
GOPH204,4451506,GOPH204001,60618,3.18_242,Conecuh_3_242,242,Conecuh,3,7/17/15,7/17/15,0,6,6,2190,7/18/09,31.0399,-86.6426,3,dummy,3,lat long copied from 252
GOPH205,2723995,GOPH205001,30543,3.19_20,Conecuh_4_20,20,Conecuh,4,3/30/20,5/2/01,18.91033539,34.5,34.5,12592,10/8/85,31.03802,-86.68684,4,dummy,4,
GOPH206,2562009,GOPH206001,25148,3.2_246,Conecuh_3_246,246,Conecuh,3,7/23/15,7/20/15,0.008213552,NA,0.008213552,3,7/20/15,,,3,dummy,3,lat long copied from 252
GOPH207,1928959,GOPH207001,13458,3.21_285,Conecuh_4_285,285,Conecuh,4,7/7/16,7/7/16,0,4,4,1460,7/8/12,31.03763,-86.68634,4,dummy,4,
GOPH208,4131459,GOPH208001,60939,3.22_252,Conecuh_3_252,252,Conecuh,3,7/24/15,7/24/15,0,16,16,5840,7/28/99,31.04067,-86.6432,3,dummy,3,
GOPH209,1713772,GOPH209001,10055,3.23_268,Conecuh_1_268,268,Conecuh,1,7/27/16,6/14/16,0.117727584,old,20,7300,8/1/96,31.15821,-86.55183,1,dummy,1,
GOPH210,3420565,GOPH210001,47547,3.24_23,SolonDixon__23,23,SolonDixon,NA,7/16/15,7/16/15,0,21,21,7665,7/21/94,,,SolonDixon,dummy,SolonDixon,
GOPH211,1906040,GOPH211001,12152,3.25_257,Conecuh_2_257,257,Conecuh,2,6/8/16,6/8/16,0,14,14,5110,6/12/02,31.10672,-86.52467,2,dummy,2,
GOPH212,2168980,GOPH212001,19049,3.26_269,Conecuh_6_269,269,Conecuh,6,6/14/16,6/14/16,0,8,8,2920,6/16/08,31.11915,-86.49396,6,dummy,6,
GOPH213,1651787,GOPH213001,9277,3.27_58,Conecuh_4_58,58,Conecuh,4,7/7/16,7/5/92,24.0054757,old,24.0054757,8762,7/11/92,31.03931,-86.68686,4,dummy,4,
GOPH214,1729901,GOPH214001,7509,3.29_21,Conecuh_2_26,26,Conecuh,2,6/11/16,8/2/91,24.85968515,NA,24.85968515,9074,8/8/91,31.10449,-86.52557,2,dummy,2,
GOPH215,1911501,GOPH215001,12393,3.3_R09,Rayonier__9,9,Rayonier,NA,5/14/15,5/14/15,0,10,10,3650,5/16/05,31.12567,-86.26062,Rayonier,dummy,Rayonier,
GOPH216,2083031,GOPH216001,15262,3.31_R10,Rayonier__10,10,Rayonier,NA,5/14/15,5/14/15,0,old,20,7300,5/19/95,31.1439,-86.23299,Rayonier,dummy,Rayonier,
GOPH217,1901489,GOPH217001,13973,3.32_R11,Rayonier__11,11,Rayonier,NA,5/14/15,5/14/15,0,10,10,3650,5/16/05,31.13972,-86.2077,Rayonier,dummy,Rayonier,
GOPH218,2271512,GOPH218001,22383,3.33_R07,Rayonier__7,7,Rayonier,NA,5/12/15,5/12/15,0,12,12,4380,5/15/03,31.14503,-86.23386,Rayonier,dummy,Rayonier,
GOPH219,2887947,GOPH219001,35662,3.34_R08,Rayonier__8,8,Rayonier,NA,5/13/15,5/13/15,0,>24,24,8760,5/19/91,31.13841,-86.21117,Rayonier,dummy,Rayonier,
GOPH220,3157684,GOPH220001,40663,3.36_42,Conecuh_6_142,142,Conecuh,6,6/13/16,9/14/93,22.74606434,old,22.74606434,8302,9/20/93,31.11812,-86.4948,6,dummy,6,
GOPH221,2218692,GOPH221001,21093,3.39_234,Conecuh_1_234,234,Conecuh,1,7/27/16,6/26/13,3.085557837,8,8,2920,7/29/08,31.15914344,-86.55588281,1,dummy,1,
GOPH222,2384341,GOPH222001,21972,3.4_237,Conecuh_1_237,237,Conecuh,1,7/28/16,6/28/13,3.082819986,10,10,3650,7/31/06,31.15841,-86.55264,1,dummy,1,
GOPH223,2848723,GOPH223001,35546,3.41_292,Conecuh_1_292,292,Conecuh,1,7/27/16,7/27/16,0,old,20,7300,8/1/96,31.15314,-86.55648,1,dummy,1,
GOPH224,3146288,GOPH224001,46396,3.46_284,Conecuh_4_284,284,Conecuh,4,7/7/16,7/7/16,0,4,4,1460,7/8/12,31.03732,-86.68649,4,dummy,4,
GOPH226,2290769,GOPH226001,23348,3.5_281,Conecuh_4_281,281,Conecuh,4,7/1/16,7/1/16,0,1,1,365,7/2/15,31.03762,-86.68745,4,dummy,4,
GOPH227,2264988,GOPH227001,22176,3.51_288,Conecuh_4_288,288,Conecuh,4,7/8/16,7/8/16,0,5,5,1825,7/10/11,31.03886,-86.6852,4,dummy,4,
GOPH228,2230601,GOPH228001,18914,3.52_278,Conecuh_4_278.2,278.2,Conecuh,4,6/30/16,6/30/16,0,<1,1,365,7/1/15,31.03819,-86.68626,4,dummy,4,
GOPH229,2185749,GOPH229001,17532,3.54_shiloh-3,Conecuh_6_Shiloh-3,Shiloh-3,Conecuh,6,7/26/20,NA,NA,21,21,7665,7/24/99,31.117,-86.489,6,dummy,6,
GOPH230,3099047,GOPH230001,36508,3.55_391,Conecuh_2_391,391,Conecuh,2,7/17/20,7/17/20,0,18,18,6570,7/22/02,31.10292,-86.52423,2,dummy,2,
GOPH231,2172903,GOPH231001,16452,3.56_376,Conecuh_4_376,376,Conecuh,4,7/11/20,7/11/20,0,24,24,8760,7/17/96,31.03417,-86.68928,4,dummy,4,
GOPH232,2014878,GOPH232001,15147,3.57_392,Conecuh_4_392,392,Conecuh,4,7/17/20,7/17/20,0,5,5,1825,7/19/15,31.03345,-86.68625,4,dummy,4,
GOPH233,2236390,GOPH233001,14232,3.58_97,Conecuh_1_97,97,Conecuh,1,6/18/20,9/5/92,27.78370979,old/very old,20,7300,6/23/00,31.158848,-86.554549,1,dummy,1,
GOPH234,2471620,GOPH234001,23676,3.59_378,Conecuh_4_378,378,Conecuh,4,7/11/20,7/11/20,0,>19,19,6935,7/16/01,31.03388,-86.69073,4,dummy,4,
GOPH235,2330174,GOPH235001,22230,3.6_362,Conecuh_1_362,362,Conecuh,1,6/8/20,6/8/20,0,<1,1,365,6/9/19,31.15897,-86.55631,1,dummy,1,
GOPH236,2564866,GOPH236001,25901,3.61_shiloh-2,Conecuh_6_Shiloh-2,Shiloh-2,Conecuh,6,7/17/20,NA,NA,very old,20,7300,7/17/00,31.1167,-86.4889,6,dummy,6,
GOPH237,2135705,GOPH237001,15231,3.62_shiloh-1,Conecuh_6_Shiloh-1,Shiloh-1,Conecuh,6,7/23/20,NA,NA,5,NA,NA,7/23/15,31.1186645,-86.4863249,6,dummy,6,
GOPH238,2660395,GOPH238001,19358,3.63_347,Conecuh_2_347,347,Conecuh,2,7/18/20,8/27/18,1.891854894,old,20,7300,7/23/00,31.10368,-86.52444,2,dummy,2,
GOPH239,2356459,GOPH239001,17024,3.64_386,Conecuh_4_386,386,Conecuh,4,7/14/20,7/14/20,0,12,12,4380,7/17/08,31.03454,-86.68812,4,dummy,4,
GOPH240,1833623,GOPH240001,7640,3.65_68,Conecuh_1_68,68,Conecuh,1,6/13/20,7/2/91,28.95003422,old,28.95003422,10567,7/9/91,31.16014,-86.55532,1,dummy,1,
GOPH241,2444534,GOPH241001,25668,3.66_16*,Conecuh_1_16,16,Conecuh,1,6/5/20,6/5/91,29.002,very old,NA,10593,6/5/91,31.158554,-86.55437,1,dummy,1,
GOPH242,2761548,GOPH242001,29044,3.67_377,Conecuh_4_377,377,Conecuh,4,6/11/20,6/11/20,0,>31,31,11315,6/19/89,31.03401,-86.69049,4,dummy,4,
GOPH243,2565477,GOPH243001,24993,3.68_230,Conecuh_1_,NA,Conecuh,1,NA,NA,NA,NA,NA,NA,NA,31.1598,-86.5559,1,dummy,1,Again this is from the blood sheetbut it's unclear which tortoise this matches to on the data sheet.
GOPH244,2366782,GOPH244001,21160,3.69_385,Conecuh_4_385,385,Conecuh,4,7/14/20,7/14/20,0,old,20,7300,7/19/00,31.03487,-86.68814,4,dummy,4,
GOPH245,2190690,GOPH245001,18203,3.7_294,Conecuh_1_294,294,Conecuh,1,6/14/20,7/28/16,3.879534565,old,20,7300,6/19/00,31.15899506,-86.55590924,1,dummy,1,
GOPH246,2908060,GOPH246001,31726,3.71_379,Conecuh_4_379,379,Conecuh,4,7/11/20,7/11/20,0,4,4,1460,7/12/16,31.03328,-86.68764,4,dummy,4,
GOPH247,2816611,GOPH247001,30663,3.72_291,Conecuh_1_295,295,Conecuh,1,6/13/20,7/29/16,3.874058864,>16,16,5840,6/17/04,31.16021299,-86.55488197,1,dummy,1,
GOPH248,2204248,GOPH248001,20651,3.73_322,Conecuh_6_322,322,Conecuh,6,7/21/20,8/14/18,1.935660507,old,20,7300,7/26/00,31.11914,-86.49432,6,dummy,6,
GOPH249,2292221,GOPH249001,14552,3.74_371,Conecuh_1_371,371,Conecuh,1,6/16/20,6/16/20,0,>21,21,7665,6/22/99,31.1591,-86.55753,1,dummy,1,
GOPH251,2381885,GOPH251001,19339,3.76_380,Conecuh_4_380,380,Conecuh,4,7/12/20,7/12/20,0,7,7,2555,7/14/13,31.03429,-86.68704,4,dummy,4,
GOPH252,2042053,GOPH252001,12206,3.77_374,Conecuh_1_374,374,Conecuh,1,6/19/20,6/19/20,0,old,20,7300,6/24/00,31.15392,-86.55665,1,dummy,1,
GOPH253,2378529,GOPH253001,23447,3.78_384,Conecuh_4_384,384,Conecuh,4,7/18/20,10/4/01,18.7871321,old,18.7871321,6857,10/9/01,31.0361,-86.686,4,dummy,4,
GOPH254,2391412,GOPH254001,20193,3.79_367,Conecuh_1_367,367,Conecuh,1,6/11/20,6/11/20,0,>24,24,8760,6/17/96,31.15899506,-86.55590924,1,dummy,1,
GOPH255,2629702,GOPH255001,22685,3.8_390,Conecuh_4_390,390,Conecuh,4,7/17/20,7/17/20,0,3.5,3.5,1278,1/16/17,31.03368,-86.68764,4,dummy,4,
GOPH256,2263281,GOPH256001,17132,4.01_357,Conecuh_5_357,357,Conecuh,5,6/5/20,8/25/19,1,old,20,7300,6/12/00,31.09128,-86.67264,5,dummy,5,
GOPH257,2101577,GOPH257001,16719,4.02_2,Conecuh_1_22,22,Conecuh,1,6/12/20,7/23/96,23.88774812,old,23.88774812,8719,7/29/96,31.15821,-86.55183,1,dummy,1,
GOPH258,2415210,GOPH258001,27900,4.03_225,Conecuh_1_225,225,Conecuh,1,6/5/20,6/12/13,6.981519507,old,20,7300,6/10/00,31.15854,-86.553513,1,dummy,1,
GOPH259,2062105,GOPH259001,17962,4.04_387,Conecuh_4_387,387,Conecuh,4,7/16/20,7/16/20,0,old,20,7300,7/21/00,31.03431,-86.68787,4,dummy,4,
GOPH260,2244977,GOPH260001,20020,4.05_373,Conecuh_1_373,373,Conecuh,1,6/17/20,6/17/20,0,1,1,365,6/18/19,31.15905,-86.55454,1,dummy,1,
GOPH261,2160067,GOPH261001,19816,4.06_200,Conecuh_4_208,208,Conecuh,4,7/12/20,7/30/97,22.95140315,old,22.95140315,8377,8/5/97,31.03789,-86.68633,4,dummy,4,
GOPH262,2207916,GOPH262001,18185,4.08_369,Conecuh_1_369,369,Conecuh,1,6/13/20,6/13/20,0,>15,15,5475,6/17/05,31.1580546,-86.55248135,1,dummy,1,
GOPH263,2425868,GOPH263001,25073,4.09_264,Conecuh_6_264,264,Conecuh,6,7/19/20,6/10/16,4.106776181,old,20,7300,7/24/00,31.11914,-86.49432,6,dummy,6,
GOPH264,1927049,GOPH264001,13535,4.1_359,Conecuh_5_359,359,Conecuh,5,6/3/20,6/3/20,0,0.5,0.5,182,12/4/19,31.08979,-86.67435,5,dummy,5,
GOPH265,2290585,GOPH265001,16071,4.11_389,Conecuh_4_389,389,Conecuh,4,7/16/20,7/16/20,0,old,20,7300,7/21/00,31.03322,-86.68776,4,dummy,4,
GOPH266,2751048,GOPH266001,29012,4.12_365,Conecuh_5_365,365,Conecuh,5,6/9/20,6/9/20,0,22,22,8030,6/15/98,31.0915,-86.6722,5,dummy,5,
GOPH267,2561717,GOPH267001,20899,4.13_CR24-2,Conecuh_County Road 24_24.2,24.2,Conecuh,County Road 24,7/23/20,7/23/20,0,>17,17,6205,7/28/03,31.1067,-86.507,County Road 24,dummy,Conecuh Unknown,
GOPH268,2275271,GOPH268001,14486,4.14_5-?,Conecuh_5_101,101,Conecuh,5,6/18/20,8/28/92,27.80561259,old,27.80561259,10149,9/4/92,31.087723,-86.674339,5,dummy,5,
GOPH269,2664439,GOPH269001,27784,4.15_383,Conecuh_4_383,383,Conecuh,4,7/12/20,7/12/20,0,<1,1,365,7/13/19,31.03538,-86.68887,4,dummy,4,
GOPH270,2614586,GOPH270001,21172,4.16_314,Conecuh_2_314,314,Conecuh,2,7/28/20,8/10/18,1.965776865,20,20,7300,8/2/00,31.10397,-86.52454,2,dummy,2,
GOPH271,2726915,GOPH271001,17294,4.17_137,Conecuh_1_137,137,Conecuh,1,6/16/20,8/21/93,26.81998631,very old,20,7300,6/21/00,31.158984,-86.556176,1,dummy,1,
GOPH272,1884374,GOPH272001,10692,4.18_363,Conecuh_5_363,363,Conecuh,5,6/9/20,6/9/20,0,old,20,7300,6/14/00,31.08955,-86.67341,5,dummy,5,
GOPH273,1633797,GOPH273001,5596,4.19_356,Conecuh_5_356,356,Conecuh,5,6/4/20,8/24/19,0.780287474,old/very old,20,7300,6/9/00,31.09027,-86.6721,5,dummy,5,
GOPH274,2035402,GOPH274001,11259,4.2_358,Conecuh_5_358,358,Conecuh,5,6/10/20,8/29/19,0.783025325,14,14,5110,6/14/06,31.09007,-86.6718,5,dummy,5,
GOPH275,2227007,GOPH275001,13971,4.21_69,Conecuh_6_79,79,Conecuh,6,7/22/20,7/26/92,27.9890486,very old,20,7300,7/27/00,31.119338,-86.496756,6,dummy,6,
GOPH276,1852070,GOPH276001,7414,4.22_FS-305,Conecuh_FS 305_305.1,305.1,Conecuh,FS 305,6/14/20,5/28/03,17.04,16,17.04,6227,5/28/03,31.11375,-86.6245,FS 305,dummy,Conecuh Unknown,
GOPH277,1685012,GOPH277001,7230,4.23_5,Conecuh_1_5,5,Conecuh,1,6/8/20,6/23/91,28.96098563,old,28.96098563,10571,6/30/91,31.159602,-86.554747,1,dummy,1,
GOPH278,2160247,GOPH278001,9017,4.24_382,Conecuh_4_382,382,Conecuh,4,7/18/20,7/12/20,0.016427105,old,20,7300,7/23/00,31.03352,-86.68758,4,dummy,4,
GOPH279,1788192,GOPH279001,8760,4.25_295,Conecuh_1_295,295,Conecuh,1,6/13/20,7/29/16,3.874058864,>16,16,5840,6/17/04,31.16021299,-86.55488197,1,dummy,1,
GOPH280,1642184,GOPH280001,5970,4.26_364,Conecuh_5_364,364,Conecuh,5,6/9/20,6/9/20,0,old,20,7300,6/14/00,31.08991,-86.67129,5,dummy,5,
GOPH281,1772668,GOPH281001,10288,4.27_375,Conecuh_1_375,375,Conecuh,1,6/19/20,6/19/20,0,11,11,4015,6/22/09,31.15901,-86.55783,1,dummy,1,
GOPH282,1910316,GOPH282001,12215,4.28_CR24-3,Conecuh_County Road 24_24.3,24.3,Conecuh,County Road 24,7/29/20,7/29/20,0,old,20,7300,8/3/00,31.1017,-86.5002,County Road 24,dummy,Conecuh Unknown,
GOPH283,1813905,GOPH283001,10700,4.29_232,Conecuh_1_232,232,Conecuh,1,6/5/20,6/17/13,6.967830253,old,20,7300,6/10/00,31.15903,-86.55374,1,dummy,1,
GOPH284,1584100,GOPH284001,5897,4.3_324,Conecuh_6_324,324,Conecuh,6,7/29/20,8/15/18,1.954825462,old,20,7300,8/3/00,31.11847,-86.49332,6,dummy,6,
GOPH285,2186841,GOPH285001,24136,4.31_FS305.1,Conecuh_FS 305_305.2,305.2,Conecuh,FS 305,6/18/20,NA,NA,1.5,1.5,547.5,1/1/19,31.11722,-86.6053,FS 305,dummy,Conecuh Unknown,
GOPH286,1833786,GOPH286001,9839,4.32_381,Conecuh_4_381,381,Conecuh,4,7/12/20,7/12/20,0,11,11,4015,7/15/09,31.03368,-86.68709,4,dummy,4,
GOPH287,1768749,GOPH287001,10233,4.33_360,Conecuh_1_360,360,Conecuh,1,6/6/20,6/6/20,0,4,4,1460,6/7/16,31.15843,-86.55418,1,dummy,1,
GOPH288,1433298,GOPH288001,4999,4.34_366,Conecuh_5_366,366,Conecuh,5,6/10/20,6/10/20,0,old/very old,20,7300,6/15/00,31.09097,-86.67173,5,dummy,5,
GOPH289,1904338,GOPH289001,12161,4.35_368,Conecuh_5_368,368,Conecuh,5,6/12/20,6/12/20,0,>18,18,6570,6/17/02,31.09088,-86.67347,5,dummy,5,
GOPH290,2136748,GOPH290001,18005,4.36_361,Conecuh_5_361,361,Conecuh,5,6/11/20,6/8/20,0.008213552,4,4,1460,6/12/16,31.08789,-86.67466,5,dummy,5,
GOPH291,2238573,GOPH291001,18921,4.37_Hogfoot 1,Conecuh_FSR324_1,1,Conecuh,FSR324,7/13/20,NA,NA,very old,20,7300,7/13/00,31.16086,-86.56699,FSR324,dummy,Conecuh Unknown,
GOPH292,1940692,GOPH292001,13677,4.38_388,Conecuh_4_388,388,Conecuh,4,7/16/20,7/16/20,0,6,6,2190,7/18/14,31.03374,-86.68748,4,dummy,4,
GOPH293,1827118,GOPH293001,11358,4.39_321,Conecuh_6_321,321,Conecuh,6,7/23/20,8/13/18,1.943874059,Very old,20,7300,7/28/00,31.11935,-86.49355,6,dummy,6,
GOPH294,2101204,GOPH294001,14040,4.4_CR24-1,Conecuh_County Road 24_24.1,24.1,Conecuh,County Road 24,7/19/20,7/19/20,0,13,13,4745,7/23/07,31.1016,-86.4995,County Road 24,dummy,Conecuh Unknown,
GOPH295,2093350,GOPH295001,18179,4.41_355,Conecuh_5_355,355,Conecuh,5,6/4/20,8/24/19,0.780287474,18,18,6570,6/9/02,31.09052,-86.67262,5,dummy,5,
GOPH296,1792004,GOPH296001,9608,4.42_330,Conecuh_1_330,330,Conecuh,1,6/14/20,8/22/18,1.812457221,>19,19,6935,6/19/01,31.15845,-86.55804,1,dummy,1,
GOPH297,1944857,GOPH297001,11269,4.43_370,Conecuh_1_370,370,Conecuh,1,6/15/20,6/15/20,0,18,18,6570,6/20/02,31.15922,-86.55605,1,dummy,1,
GOPH298,2556778,GOPH298001,23749,4.44_R01,Rayonier__1,1,Rayonier,NA,5/9/15,5/9/15,0,>21,21,7665,5/14/94,31.13754,-86.21023,Rayonier,dummy,Rayonier,
GOPH299,2229431,GOPH299001,16194,4.45_R02,Rayonier__2,2,Rayonier,NA,5/9/15,5/9/15,0,14,14,5110,5/12/01,31.13857,-86.20731,Rayonier,dummy,Rayonier,
GOPH300,2218121,GOPH300001,19165,4.46_R03,Rayonier__3,3,Rayonier,NA,5/9/15,5/9/15,0,>19,19,6935,5/13/96,31.14863,-86.20891,Rayonier,dummy,Rayonier,
GOPH301,2033703,GOPH301001,14240,4.47_R04,Rayonier__4,4,Rayonier,NA,5/9/15,5/9/15,0,8,8,2920,5/11/07,31.14566,-86.22179,Rayonier,dummy,Rayonier,
GOPH302,2152882,GOPH302001,14396,4.48_R05,Rayonier__5,5,Rayonier,NA,9/9/15,5/10/15,0.334017796,old,20,7300,9/14/95,31.14827,-86.20924,Rayonier,dummy,Rayonier,
GOPH303,2116032,GOPH303001,15848,4.49_R06,Rayonier__6,6,Rayonier,NA,5/11/15,5/11/15,0,15,15,5475,5/14/00,31.13804,-86.20731,Rayonier,dummy,Rayonier,
GOPH304,1738919,GOPH304001,9641,4.5_P30,Perdido__31,31,Perdido,NA,5/7/15,5/7/15,0,>26,26,9490,5/13/89,30.70043,-87.51237,Perdido,dummy,Perdido,
GOPH305,1286408,GOPH305001,2432,4.51_P14,Perdido__14,14,Perdido,NA,5/2/15,5/2/15,0,15,15,5475,5/5/00,30.69188,-87.47011,Perdido,dummy,Perdido,
GOPH306,1566925,GOPH306001,6893,4.52_P15,Perdido__15,15,Perdido,NA,5/2/15,5/2/15,0,15/16,15,5475,5/5/00,30.68753,-87.47874,Perdido,dummy,Perdido,
GOPH307,1412328,GOPH307001,3606,4.53_P19,Perdido__19,19,Perdido,NA,5/3/15,5/3/15,0,old,20,7300,5/8/95,30.64259,-87.43798,Perdido,dummy,Perdido,
GOPH308,1659069,GOPH308001,5760,4.54_P25,Perdido__25,25,Perdido,NA,5/5/15,5/5/15,0,old,20,7300,5/10/95,30.63778,-87.42449,Perdido,dummy,Perdido,
GOPH309,1509852,GOPH309001,5184,4.55_P21,Perdido__21,21,Perdido,NA,5/4/15,5/4/15,0,17,17,6205,5/8/98,30.64254,-87.43749,Perdido,dummy,Perdido,
GOPH310,1712492,GOPH310001,5760,4.56_P29,Perdido__29,29,Perdido,NA,5/7/15,5/7/15,0,>18,18,6570,5/11/97,30.69172,-87.46956,Perdido,dummy,Perdido,
GOPH311,1452461,GOPH311001,4369,4.57_P18,Perdido__18,18,Perdido,NA,5/2/15,5/2/15,0,15,15,5475,5/5/00,30.63424,-87.42353,Perdido,dummy,Perdido,
GOPH312,1253171,GOPH312001,3060,4.58_P17,Perdido__17,17,Perdido,NA,5/2/15,5/2/15,0,20,20,7300,5/7/95,30.69129,-87.47045,Perdido,dummy,Perdido,
GOPH313,1508172,GOPH313001,4710,4.59_P27,Perdido__27,27,Perdido,NA,5/6/15,5/6/15,0,18,18,6570,5/10/97,30.69991,-87.51232,Perdido,dummy,Perdido,
GOPH315,2064974,GOPH315001,14389,4.61_P26,Perdido__26,26,Perdido,NA,5/6/15,5/6/15,0,16/17,16,5840,5/10/99,30.6923,-87.46931,Perdido,dummy,Perdido,
GOPH316,1976409,GOPH316001,12372,4.62_P28,Perdido__28,28,Perdido,NA,5/7/15,5/6/15,0.002737851,NA,0.002737851,1,5/6/15,30.70011,-87.51244,Perdido,dummy,Perdido,
GOPH317,1912064,GOPH317001,12780,4.63_P22,Perdido__22,22,Perdido,NA,5/5/15,5/5/15,0,19/20,19,6935,5/9/96,30.71503,-87.51712,Perdido,dummy,Perdido,
GOPH318,2237674,GOPH318001,15762,4.64_P16,Perdido__16,16,Perdido,NA,5/2/15,5/2/15,0,10,10,3650,5/4/05,30.70135,-87.51141,Perdido,dummy,Perdido,
GOPH319,2087388,GOPH319001,14862,4.65_P23,Perdido__23,23,Perdido,NA,5/5/15,5/5/15,0,14,14,5110,5/8/01,30.70132,-87.51139,Perdido,dummy,Perdido,
GOPH321,1781484,GOPH321001,11593,4.67_P24,Perdido__24,24,Perdido,NA,5/5/15,5/5/15,0,>28,28,10220,5/12/87,30.71444,-87.51731,Perdido,dummy,Perdido,
GOPH322,2283990,GOPH322001,20683,4.68_S11,Stimpson__11,11,Stimpson,NA,8/21/15,8/21/15,0,old,20,7300,8/26/95,31.37983,-87.8801,Stimpson,dummy,Stimpson,
GOPH323,2720212,GOPH323001,32905,4.69_S06,Stimpson__6,6,Stimpson,NA,8/20/15,8/20/15,0,old,20,7300,8/25/95,31.37719,-87.86951,Stimpson,dummy,Stimpson,
GOPH324,2737173,GOPH324001,30319,4.7_S01,Stimpson__1,1,Stimpson,NA,8/18/15,8/18/15,0,old,20,7300,8/23/95,31.38105,-87.86811,Stimpson,dummy,Stimpson,
GOPH325,2630211,GOPH325001,23818,4.71_S16,Stimpson__16,16,Stimpson,NA,8/22/15,8/22/15,0,old,20,7300,8/27/95,31.39304,-87.84959,Stimpson,dummy,Stimpson,
GOPH326,2938070,GOPH326001,37063,4.72_S24,Stimpson__24,24,Stimpson,NA,8/25/15,8/25/15,0,old,20,7300,8/30/95,31.37679,-87.87576,Stimpson,dummy,Stimpson,
GOPH327,3279053,GOPH327001,39098,4.73_S19,Stimpson__19,19,Stimpson,NA,8/22/15,8/22/15,0,old,20,7300,8/27/95,31.37723,-87.8696,Stimpson,dummy,Stimpson,
GOPH328,2230222,GOPH328001,21303,4.74_S18,Stimpson__18,18,Stimpson,NA,8/22/15,8/22/15,0,old,20,7300,8/27/95,31.37991,-87.87985,Stimpson,dummy,Stimpson,
GOPH329,1960657,GOPH329001,15747,4.75_S28,Stimpson__28,28,Stimpson,NA,8/27/15,8/27/15,0,old,20,7300,9/1/95,31.37704,-87.87603,Stimpson,dummy,Stimpson,
GOPH330,1234193,GOPH330001,1481,4.76_S05,Stimpson__5,5,Stimpson,NA,8/19/15,8/19/15,0,old,20,7300,8/24/95,31.37939,-87.87968,Stimpson,dummy,Stimpson,
GOPH331,1482505,GOPH331001,3819,4.77_S25,Stimpson__25,25,Stimpson,NA,8/25/15,8/25/15,0,old,20,7300,8/30/95,31.38056,-87.86634,Stimpson,dummy,Stimpson,
GOPH332,1526226,GOPH332001,4228,4.78_S12,Stimpson__12,12,Stimpson,NA,8/21/15,8/21/15,0,old,20,7300,8/26/95,31.38562,-87.86141,Stimpson,dummy,Stimpson,
GOPH333,1905657,GOPH333001,9623,4.79_S13,Stimpson__13,13,Stimpson,NA,8/21/15,8/21/15,0,old,20,7300,8/26/95,31.39304,-87.84959,Stimpson,dummy,Stimpson,
GOPH334,1225972,GOPH334001,2113,4.8_S17,Stimpson__17,17,Stimpson,NA,8/22/15,8/22/15,0,old,20,7300,8/27/95,31.39477,-87.84961,Stimpson,dummy,Stimpson,
GOPH335,1582624,GOPH335001,3338,4.81_S23,Stimpson__23,23,Stimpson,NA,8/24/15,8/24/15,0,old,20,7300,8/29/95,31.37712,-87.86918,Stimpson,dummy,Stimpson,
GOPH336,1436805,GOPH336001,4071,4.82_S22,Stimpson__22,22,Stimpson,NA,8/24/15,8/24/15,0,old,20,7300,8/29/95,31.3809,-87.86607,Stimpson,dummy,Stimpson,
GOPH337,1750909,GOPH337001,6650,4.83_S27,Stimpson__27,27,Stimpson,NA,8/27/15,8/27/15,0,old,20,7300,9/1/95,31.3793,-87.87887,Stimpson,dummy,Stimpson,
GOPH338,2546839,GOPH338001,27549,4.84_S14,Stimpson__14,14,Stimpson,NA,8/22/15,8/22/15,0,old,20,7300,8/27/95,31.38562,-87.86141,Stimpson,dummy,Stimpson,
GOPH339,2519475,GOPH339001,28207,4.85_S08,Stimpson__8,8,Stimpson,NA,8/20/15,8/20/15,0,old,20,7300,8/25/95,31.37931,-87.87891,Stimpson,dummy,Stimpson,
GOPH340,2941403,GOPH340001,34483,4.86_S03,Stimpson__3,3,Stimpson,NA,8/18/15,8/18/15,0,old,20,7300,8/23/95,31.38146,-87.87653,Stimpson,dummy,Stimpson,
GOPH341,3148546,GOPH341001,38494,4.87_S20,Stimpson__20,20,Stimpson,NA,8/23/15,8/23/15,0,old,20,7300,8/28/95,31.3812,-87.87648,Stimpson,dummy,Stimpson,
GOPH342,3322285,GOPH342001,46572,4.88_S21,Stimpson__21,21,Stimpson,NA,8/24/15,8/24/15,0,old,20,7300,8/29/95,31.38054,-87.86685,Stimpson,dummy,Stimpson,
GOPH343,4847503,GOPH343001,66729,4.89_S07,Stimpson__7,7,Stimpson,NA,8/20/15,8/20/15,0,1,1,365,8/20/14,31.38146,-87.87653,Stimpson,dummy,Stimpson,
GOPH344,2226575,GOPH344001,16534,4.9_S09,Stimpson__9,9,Stimpson,NA,8/20/15,8/20/15,0,old,20,7300,8/25/95,31.38087,-87.86835,Stimpson,dummy,Stimpson,
GOPH345,2186949,GOPH345001,17697,4.91_S02,Stimpson__2,2,Stimpson,NA,8/18/15,8/18/15,0,old,20,7300,8/23/95,31.3793,-87.87916,Stimpson,dummy,Stimpson,
GOPH346,1350013,GOPH346001,2688,4.92_S04,Stimpson__4,4,Stimpson,NA,8/19/15,8/19/15,0,old,20,7300,8/24/95,31.37764,-87.86945,Stimpson,dummy,Stimpson,
GOPH347,1468164,GOPH347001,4575,4.93_S15,Stimpson__15,15,Stimpson,NA,8/22/15,8/22/15,0,old,20,7300,8/27/95,31.38079,-87.86613,Stimpson,dummy,Stimpson,
GOPH348,1524797,GOPH348001,3778,4.94_S10,Stimpson__10,10,Stimpson,NA,8/21/15,8/21/15,0,20,20,7300,8/26/95,31.38117,-87.87614,Stimpson,dummy,Stimpson,
GOPH349,1539782,GOPH349001,2760,4.98_249,Conecuh_3_249,249,Conecuh,3,7/22/15,7/22/15,0,4,4,1460,7/23/11,31.03981,-86.64263,3,dummy,3,
GOPH350,2905020,GOPH350001,39972,1.08_337,Conecuh_4_337,337,Conecuh,4,5/27/19,5/27/19,0,6,6,2190,5/28/13,31.04004,-86.68658,4,dummy,4,